Native Robolectric API34; synthetic input specimens; no popup/device acceptance
large-field-layout	component=Rect.fromLTRB(16.0, 16.0, 304.0, 379.0)	viewport=Rect.fromLTRB(0.0, 0.0, 320.0, 744.0)
label	lines=2	bounds=Rect.fromLTRB(20.0, 16.0, 304.0, 95.0)	ink=1619	background=ff1b2018	foreground=fffdc2c8	contrast=10.839629292311951
multiline	lines=3	bounds=Rect.fromLTRB(16.0, 101.0, 304.0, 379.0)	ink=1816	background=ff1b2018	foreground=fff5f7f1	contrast=15.364045768310193
error	lines=3	bounds=Rect.fromLTRB(32.0, 263.0, 288.0, 379.0)	ink=1510	background=ff1b2018	foreground=ffffc4ca	contrast=11.055639488647172
large-picker-layout	component=Rect.fromLTRB(16.0, 403.0, 304.0, 726.0)	viewport=Rect.fromLTRB(0.0, 0.0, 320.0, 744.0)
large-picker-label	accessibleName=ఇంజినీర్ సేవా జిల్లాను ఎంచుకోండి	region=Rect.fromLTRB(16.0, 403.0, 304.0, 488.0)	ink=1631
selection	lines=3	bounds=Rect.fromLTRB(30.0, 502.0, 258.0, 630.0)	ink=1654	background=ff1b2018	foreground=fff5f7f1	contrast=15.364045768310193
hint	lines=2	bounds=Rect.fromLTRB(20.0, 648.0, 304.0, 726.0)	ink=1323	background=ff1b2018	foreground=ffb9c2b1	contrast=9.013319177364956
large-picker-arrow	trigger=Rect.fromLTRB(16.0, 488.0, 304.0, 644.0)	text=Rect.fromLTRB(30.0, 502.0, 258.0, 630.0)	arrow=Rect.fromLTRB(274.0, 564.0, 282.0, 568.0)	ink=20
