API34 native popup view; synthetic data; no device acceptance
capture-root	compose=androidx.compose.ui.platform.AndroidComposeView	window=androidx.compose.ui.window.PopupLayout	width=288	height=360
density	name=option	requested=2.0	actual=2.0	textSize=16.0.sp	lineHeight=42.0
capture-root	compose=androidx.compose.ui.platform.AndroidComposeView	window=androidx.compose.ui.window.PopupLayout	width=288	height=360
option	text=District 01	bounds=Rect.fromLTRB(12.0, 117.0, 144.0, 159.0)	lines=1	glyphs=379	foreground=fff5f7f1	background=ff1b2018	contrast=15.364045768310193
density	name=search-label	requested=2.0	actual=2.0	textSize=14.0.sp	lineHeight=40.0
capture-root	compose=androidx.compose.ui.platform.AndroidComposeView	window=androidx.compose.ui.window.PopupLayout	width=288	height=360
search-label	text=వెతకండి…	bounds=Rect.fromLTRB(28.0, 10.0, 141.0, 50.0)	lines=1	glyphs=501	foreground=ffb9c2b1	background=ff1b2018	contrast=9.013319177364956
capture-root	compose=androidx.compose.ui.platform.AndroidComposeView	window=androidx.compose.ui.window.PopupLayout	width=288	height=360
focus	input=Rect.fromLTRB(12.0, 14.0, 276.0, 108.0)	painted=Rect.fromLTRB(12.0, 30.0, 276.0, 108.0)	ink=1045	background=ff1b2018	contrast=13.98073302873107
capture-root	compose=androidx.compose.ui.platform.AndroidComposeView	window=androidx.compose.ui.window.PopupLayout	width=288	height=360
capture-root	compose=androidx.compose.ui.platform.AndroidComposeView	window=androidx.compose.ui.window.PopupLayout	width=288	height=360
capture-root	compose=androidx.compose.ui.platform.AndroidComposeView	window=androidx.compose.ui.window.PopupLayout	width=288	height=360
capture-root	compose=androidx.compose.ui.platform.AndroidComposeView	window=androidx.compose.ui.window.PopupLayout	width=288	height=360
capture-root	compose=androidx.compose.ui.platform.AndroidComposeView	window=androidx.compose.ui.window.PopupLayout	width=288	height=360
cursor	changingPixels=84	frames=5	input=Rect.fromLTRB(12.0, 14.0, 276.0, 108.0)
cursor-shape	bounds=Rect.fromLTRB(120.0, 50.0, 122.0, 92.0)	foreground=fff5f7f1	background=ff1b2018
density	name=search-value	requested=2.0	actual=2.0	textSize=16.0.sp	lineHeight=42.0
capture-root	compose=androidx.compose.ui.platform.AndroidComposeView	window=androidx.compose.ui.window.PopupLayout	width=288	height=360
search-value	text=District	bounds=Rect.fromLTRB(12.0, 14.0, 276.0, 108.0)	lines=1	glyphs=299	foreground=fff5f7f1	background=ff1b2018	contrast=15.364045768310193
density	name=disabled-no-matches	requested=2.0	actual=2.0	textSize=14.0.sp	lineHeight=39.0
capture-root	compose=androidx.compose.ui.platform.AndroidComposeView	window=androidx.compose.ui.window.PopupLayout	width=288	height=170
disabled-no-matches	text=సరిపోలేవి లేవు	bounds=Rect.fromLTRB(12.0, 119.0, 158.0, 158.0)	lines=1	glyphs=487	foreground=ffb9c2b1	background=ff1b2018	contrast=9.013319177364956
